arch,norm,dataset,method,candidate,seed,clean,aa,evidence,source_sha256
r18,L2,cifar10,Cons-AT,recorded_baseline,0,90.55,69.14,archived_per_seed_table,c190d4d035628ca76fdd20c494e40f87b8fe5a549a3186da58f728823a832744
r18,L2,cifar10,Cons-AT,recorded_baseline,1,89.34,69.24,archived_per_seed_table,c190d4d035628ca76fdd20c494e40f87b8fe5a549a3186da58f728823a832744
r18,L2,cifar10,Cons-AT,recorded_baseline,2,89.18,69.36,archived_per_seed_table,c190d4d035628ca76fdd20c494e40f87b8fe5a549a3186da58f728823a832744
r18,L2,cifar10,MART,recorded_baseline,0,87.14,68.57,archived_per_seed_table,c190d4d035628ca76fdd20c494e40f87b8fe5a549a3186da58f728823a832744
r18,L2,cifar10,MART,recorded_baseline,1,86.56,68.46,archived_per_seed_table,c190d4d035628ca76fdd20c494e40f87b8fe5a549a3186da58f728823a832744
r18,L2,cifar10,MART,recorded_baseline,2,86.4,68.34,archived_per_seed_table,c190d4d035628ca76fdd20c494e40f87b8fe5a549a3186da58f728823a832744
r18,L2,cifar10,Ours,reference,0,90.12,69.74,archived_per_seed_table,c190d4d035628ca76fdd20c494e40f87b8fe5a549a3186da58f728823a832744
r18,L2,cifar10,Ours,reference,1,89.75,69.75,archived_per_seed_table,c190d4d035628ca76fdd20c494e40f87b8fe5a549a3186da58f728823a832744
r18,L2,cifar10,Ours,reference,2,90.06,69.35,archived_per_seed_table,c190d4d035628ca76fdd20c494e40f87b8fe5a549a3186da58f728823a832744
r18,L2,cifar10,PGD-AT,recorded_baseline,0,89.5,68.33,archived_per_seed_table,c190d4d035628ca76fdd20c494e40f87b8fe5a549a3186da58f728823a832744
r18,L2,cifar10,PGD-AT,recorded_baseline,1,89.54,68.47,archived_per_seed_table,c190d4d035628ca76fdd20c494e40f87b8fe5a549a3186da58f728823a832744
r18,L2,cifar10,PGD-AT,recorded_baseline,2,89.63,68.75,archived_per_seed_table,c190d4d035628ca76fdd20c494e40f87b8fe5a549a3186da58f728823a832744
r18,L2,cifar10,RAAT,recorded_baseline,0,90.14,68.51,archived_per_seed_table,c190d4d035628ca76fdd20c494e40f87b8fe5a549a3186da58f728823a832744
r18,L2,cifar10,RAAT,recorded_baseline,1,90.16,68.35,archived_per_seed_table,c190d4d035628ca76fdd20c494e40f87b8fe5a549a3186da58f728823a832744
r18,L2,cifar10,RAAT,recorded_baseline,2,90.16,68.13,archived_per_seed_table,c190d4d035628ca76fdd20c494e40f87b8fe5a549a3186da58f728823a832744
r18,L2,cifar10,RAAT++,recorded_baseline,0,87.08,68.96,archived_per_seed_table,c190d4d035628ca76fdd20c494e40f87b8fe5a549a3186da58f728823a832744
r18,L2,cifar10,RAAT++,recorded_baseline,1,86.9,69.01,archived_per_seed_table,c190d4d035628ca76fdd20c494e40f87b8fe5a549a3186da58f728823a832744
r18,L2,cifar10,RAAT++,recorded_baseline,2,87.31,68.96,archived_per_seed_table,c190d4d035628ca76fdd20c494e40f87b8fe5a549a3186da58f728823a832744
r18,L2,cifar10,TRADES,recorded_baseline,0,86.6,69.66,archived_per_seed_table,c190d4d035628ca76fdd20c494e40f87b8fe5a549a3186da58f728823a832744
r18,L2,cifar10,TRADES,recorded_baseline,1,86.73,69.38,archived_per_seed_table,c190d4d035628ca76fdd20c494e40f87b8fe5a549a3186da58f728823a832744
r18,L2,cifar10,TRADES,recorded_baseline,2,86.28,69.52,archived_per_seed_table,c190d4d035628ca76fdd20c494e40f87b8fe5a549a3186da58f728823a832744
r18,L2,cifar100,Cons-AT,recorded_baseline,0,65.96,40.47,archived_per_seed_table,c190d4d035628ca76fdd20c494e40f87b8fe5a549a3186da58f728823a832744
r18,L2,cifar100,Cons-AT,recorded_baseline,1,65.44,40.11,archived_per_seed_table,c190d4d035628ca76fdd20c494e40f87b8fe5a549a3186da58f728823a832744
r18,L2,cifar100,Cons-AT,recorded_baseline,2,66.97,40.18,archived_per_seed_table,c190d4d035628ca76fdd20c494e40f87b8fe5a549a3186da58f728823a832744
r18,L2,cifar100,MART,recorded_baseline,0,61.73,40.82,archived_per_seed_table,c190d4d035628ca76fdd20c494e40f87b8fe5a549a3186da58f728823a832744
r18,L2,cifar100,MART,recorded_baseline,1,61.32,41.36,archived_per_seed_table,c190d4d035628ca76fdd20c494e40f87b8fe5a549a3186da58f728823a832744
r18,L2,cifar100,MART,recorded_baseline,2,61.57,40.93,archived_per_seed_table,c190d4d035628ca76fdd20c494e40f87b8fe5a549a3186da58f728823a832744
r18,L2,cifar100,Ours,2108,0,67.84,40.35,training_and_full_aa_checked,44ec8ef05a801c407226325999eecca8d107485ac5e1e0e098061c9f1dc6386c
r18,L2,cifar100,Ours,2108,1,68.07,41.05,training_and_full_aa_checked,564867770a7578931b832c57aa30da20d3b4d6b6be2bd3303f5479d274e371a1
r18,L2,cifar100,Ours,2108,2,67.56,40.41,training_and_full_aa_checked,b8c66cd532cc4f6618da8a2f5ee5f5a2e2e92c39eee83cfd367e30c7237c2784
r18,L2,cifar100,PGD-AT,recorded_baseline,0,65.74,39.38,archived_per_seed_table,c190d4d035628ca76fdd20c494e40f87b8fe5a549a3186da58f728823a832744
r18,L2,cifar100,PGD-AT,recorded_baseline,1,66.16,39.4,archived_per_seed_table,c190d4d035628ca76fdd20c494e40f87b8fe5a549a3186da58f728823a832744
r18,L2,cifar100,PGD-AT,recorded_baseline,2,65.49,39.66,archived_per_seed_table,c190d4d035628ca76fdd20c494e40f87b8fe5a549a3186da58f728823a832744
r18,L2,cifar100,RAAT,recorded_baseline,0,66.83,38.71,archived_per_seed_table,c190d4d035628ca76fdd20c494e40f87b8fe5a549a3186da58f728823a832744
r18,L2,cifar100,RAAT,recorded_baseline,1,66.78,38.43,archived_per_seed_table,c190d4d035628ca76fdd20c494e40f87b8fe5a549a3186da58f728823a832744
r18,L2,cifar100,RAAT,recorded_baseline,2,66.85,38.68,archived_per_seed_table,c190d4d035628ca76fdd20c494e40f87b8fe5a549a3186da58f728823a832744
r18,L2,cifar100,RAAT++,recorded_baseline,0,61.72,40.51,archived_per_seed_table,c190d4d035628ca76fdd20c494e40f87b8fe5a549a3186da58f728823a832744
r18,L2,cifar100,RAAT++,recorded_baseline,1,60.42,40.82,archived_per_seed_table,c190d4d035628ca76fdd20c494e40f87b8fe5a549a3186da58f728823a832744
r18,L2,cifar100,RAAT++,recorded_baseline,2,60.17,40.89,archived_per_seed_table,c190d4d035628ca76fdd20c494e40f87b8fe5a549a3186da58f728823a832744
r18,L2,cifar100,TRADES,recorded_baseline,0,62.42,40.45,archived_per_seed_table,c190d4d035628ca76fdd20c494e40f87b8fe5a549a3186da58f728823a832744
r18,L2,cifar100,TRADES,recorded_baseline,1,62.16,40.96,archived_per_seed_table,c190d4d035628ca76fdd20c494e40f87b8fe5a549a3186da58f728823a832744
r18,L2,cifar100,TRADES,recorded_baseline,2,62.09,40.85,archived_per_seed_table,c190d4d035628ca76fdd20c494e40f87b8fe5a549a3186da58f728823a832744
r18,L2,tinyimagenet,Cons-AT,recorded_baseline,0,58.98,40.9,archived_per_seed_table,c190d4d035628ca76fdd20c494e40f87b8fe5a549a3186da58f728823a832744
r18,L2,tinyimagenet,Cons-AT,recorded_baseline,1,59.44,40.61,archived_per_seed_table,c190d4d035628ca76fdd20c494e40f87b8fe5a549a3186da58f728823a832744
r18,L2,tinyimagenet,Cons-AT,recorded_baseline,2,59.77,41.21,archived_per_seed_table,c190d4d035628ca76fdd20c494e40f87b8fe5a549a3186da58f728823a832744
r18,L2,tinyimagenet,MART,recorded_baseline,0,56.08,40.93,archived_per_seed_table,c190d4d035628ca76fdd20c494e40f87b8fe5a549a3186da58f728823a832744
r18,L2,tinyimagenet,MART,recorded_baseline,1,56.33,41.29,archived_per_seed_table,c190d4d035628ca76fdd20c494e40f87b8fe5a549a3186da58f728823a832744
r18,L2,tinyimagenet,MART,recorded_baseline,2,56.94,41.0,archived_per_seed_table,c190d4d035628ca76fdd20c494e40f87b8fe5a549a3186da58f728823a832744
r18,L2,tinyimagenet,Ours,e15r211,0,60.8,40.59,training_and_full_aa_checked,19eed503d1e208dd3d0e9e095258000cbe9ebe1c6e05845294abf8d202690f14
r18,L2,tinyimagenet,Ours,e15r211,1,60.79,39.74,training_and_full_aa_checked,5a19af2414f13a730145beb17975307f23d222746cea25a0bed2357d750a08f6
r18,L2,tinyimagenet,Ours,e15r211,2,60.44,40.37,training_and_full_aa_checked,81313edb0fab4f0addccd549a6f144681d66bf070de9ce6e0e13f8257e13d69f
r18,L2,tinyimagenet,PGD-AT,recorded_baseline,0,59.0,40.01,archived_per_seed_table,c190d4d035628ca76fdd20c494e40f87b8fe5a549a3186da58f728823a832744
r18,L2,tinyimagenet,PGD-AT,recorded_baseline,1,58.35,40.1,archived_per_seed_table,c190d4d035628ca76fdd20c494e40f87b8fe5a549a3186da58f728823a832744
r18,L2,tinyimagenet,PGD-AT,recorded_baseline,2,58.24,39.45,archived_per_seed_table,c190d4d035628ca76fdd20c494e40f87b8fe5a549a3186da58f728823a832744
r18,L2,tinyimagenet,RAAT,recorded_baseline,0,58.86,38.79,archived_per_seed_table,c190d4d035628ca76fdd20c494e40f87b8fe5a549a3186da58f728823a832744
r18,L2,tinyimagenet,RAAT,recorded_baseline,1,59.71,39.11,archived_per_seed_table,c190d4d035628ca76fdd20c494e40f87b8fe5a549a3186da58f728823a832744
r18,L2,tinyimagenet,RAAT,recorded_baseline,2,58.49,38.9,archived_per_seed_table,c190d4d035628ca76fdd20c494e40f87b8fe5a549a3186da58f728823a832744
r18,L2,tinyimagenet,RAAT++,recorded_baseline,0,56.14,40.91,archived_per_seed_table,c190d4d035628ca76fdd20c494e40f87b8fe5a549a3186da58f728823a832744
r18,L2,tinyimagenet,RAAT++,recorded_baseline,1,56.3,41.3,archived_per_seed_table,c190d4d035628ca76fdd20c494e40f87b8fe5a549a3186da58f728823a832744
r18,L2,tinyimagenet,RAAT++,recorded_baseline,2,56.24,41.42,archived_per_seed_table,c190d4d035628ca76fdd20c494e40f87b8fe5a549a3186da58f728823a832744
r18,L2,tinyimagenet,TRADES,recorded_baseline,0,56.18,40.66,archived_per_seed_table,c190d4d035628ca76fdd20c494e40f87b8fe5a549a3186da58f728823a832744
r18,L2,tinyimagenet,TRADES,recorded_baseline,1,56.76,40.65,archived_per_seed_table,c190d4d035628ca76fdd20c494e40f87b8fe5a549a3186da58f728823a832744
r18,L2,tinyimagenet,TRADES,recorded_baseline,2,55.99,40.52,archived_per_seed_table,c190d4d035628ca76fdd20c494e40f87b8fe5a549a3186da58f728823a832744
r18,Linf,cifar10,Cons-AT,recorded_baseline,0,85.06,48.39,archived_per_seed_table,c190d4d035628ca76fdd20c494e40f87b8fe5a549a3186da58f728823a832744
r18,Linf,cifar10,Cons-AT,recorded_baseline,1,83.33,48.74,archived_per_seed_table,c190d4d035628ca76fdd20c494e40f87b8fe5a549a3186da58f728823a832744
r18,Linf,cifar10,Cons-AT,recorded_baseline,2,84.35,48.38,archived_per_seed_table,c190d4d035628ca76fdd20c494e40f87b8fe5a549a3186da58f728823a832744
r18,Linf,cifar10,MART,recorded_baseline,0,78.78,47.95,archived_per_seed_table,c190d4d035628ca76fdd20c494e40f87b8fe5a549a3186da58f728823a832744
r18,Linf,cifar10,MART,recorded_baseline,1,78.77,48.03,archived_per_seed_table,c190d4d035628ca76fdd20c494e40f87b8fe5a549a3186da58f728823a832744
r18,Linf,cifar10,MART,recorded_baseline,2,77.85,47.96,archived_per_seed_table,c190d4d035628ca76fdd20c494e40f87b8fe5a549a3186da58f728823a832744
r18,Linf,cifar10,Ours,reference,0,86.03,49.06,archived_per_seed_table,c190d4d035628ca76fdd20c494e40f87b8fe5a549a3186da58f728823a832744
r18,Linf,cifar10,Ours,reference,1,85.43,48.85,archived_per_seed_table,c190d4d035628ca76fdd20c494e40f87b8fe5a549a3186da58f728823a832744
r18,Linf,cifar10,Ours,reference,2,85.25,49.15,archived_per_seed_table,c190d4d035628ca76fdd20c494e40f87b8fe5a549a3186da58f728823a832744
r18,Linf,cifar10,PGD-AT,recorded_baseline,0,84.34,48.04,archived_per_seed_table,c190d4d035628ca76fdd20c494e40f87b8fe5a549a3186da58f728823a832744
r18,Linf,cifar10,PGD-AT,recorded_baseline,1,83.96,48.19,archived_per_seed_table,c190d4d035628ca76fdd20c494e40f87b8fe5a549a3186da58f728823a832744
r18,Linf,cifar10,PGD-AT,recorded_baseline,2,84.03,48.6,archived_per_seed_table,c190d4d035628ca76fdd20c494e40f87b8fe5a549a3186da58f728823a832744
r18,Linf,cifar10,RAAT,recorded_baseline,0,85.76,47.83,archived_per_seed_table,c190d4d035628ca76fdd20c494e40f87b8fe5a549a3186da58f728823a832744
r18,Linf,cifar10,RAAT,recorded_baseline,1,85.71,47.6,archived_per_seed_table,c190d4d035628ca76fdd20c494e40f87b8fe5a549a3186da58f728823a832744
r18,Linf,cifar10,RAAT,recorded_baseline,2,85.98,47.8,archived_per_seed_table,c190d4d035628ca76fdd20c494e40f87b8fe5a549a3186da58f728823a832744
r18,Linf,cifar10,RAAT++,recorded_baseline,0,79.3,48.64,archived_per_seed_table,c190d4d035628ca76fdd20c494e40f87b8fe5a549a3186da58f728823a832744
r18,Linf,cifar10,RAAT++,recorded_baseline,1,80.03,48.38,archived_per_seed_table,c190d4d035628ca76fdd20c494e40f87b8fe5a549a3186da58f728823a832744
r18,Linf,cifar10,RAAT++,recorded_baseline,2,79.13,48.44,archived_per_seed_table,c190d4d035628ca76fdd20c494e40f87b8fe5a549a3186da58f728823a832744
r18,Linf,cifar10,TRADES,recorded_baseline,0,81.38,49.7,archived_per_seed_table,c190d4d035628ca76fdd20c494e40f87b8fe5a549a3186da58f728823a832744
r18,Linf,cifar10,TRADES,recorded_baseline,1,81.3,49.62,archived_per_seed_table,c190d4d035628ca76fdd20c494e40f87b8fe5a549a3186da58f728823a832744
r18,Linf,cifar10,TRADES,recorded_baseline,2,81.22,49.55,archived_per_seed_table,c190d4d035628ca76fdd20c494e40f87b8fe5a549a3186da58f728823a832744
r18,Linf,cifar100,Cons-AT,recorded_baseline,0,59.37,25.06,archived_per_seed_table,c190d4d035628ca76fdd20c494e40f87b8fe5a549a3186da58f728823a832744
r18,Linf,cifar100,Cons-AT,recorded_baseline,1,59.02,25.46,archived_per_seed_table,c190d4d035628ca76fdd20c494e40f87b8fe5a549a3186da58f728823a832744
r18,Linf,cifar100,Cons-AT,recorded_baseline,2,58.75,25.36,archived_per_seed_table,c190d4d035628ca76fdd20c494e40f87b8fe5a549a3186da58f728823a832744
r18,Linf,cifar100,MART,recorded_baseline,0,52.73,26.0,archived_per_seed_table,c190d4d035628ca76fdd20c494e40f87b8fe5a549a3186da58f728823a832744
r18,Linf,cifar100,MART,recorded_baseline,1,52.66,25.86,archived_per_seed_table,c190d4d035628ca76fdd20c494e40f87b8fe5a549a3186da58f728823a832744
r18,Linf,cifar100,MART,recorded_baseline,2,53.24,25.96,archived_per_seed_table,c190d4d035628ca76fdd20c494e40f87b8fe5a549a3186da58f728823a832744
r18,Linf,cifar100,Ours,e15ri09,0,59.5,25.28,training_and_full_aa_checked,040c94c6ba3c790c0b886ef150b61c620a7fec56407f5ba44883e33b2a64868d
r18,Linf,cifar100,Ours,e15ri09,1,59.7,25.34,training_and_full_aa_checked,b6fc1db0aa6c8fb236995cc6716864d051e2f88fb013a7917c4ffed368e7bb18
r18,Linf,cifar100,Ours,e15ri09,2,59.89,25.42,training_and_full_aa_checked,a57516920e97e94dea8a02df282cd2d63e6da28f7dbab8a5b03a1f2cdd0a7add
r18,Linf,cifar100,PGD-AT,recorded_baseline,0,58.22,24.63,archived_per_seed_table,c190d4d035628ca76fdd20c494e40f87b8fe5a549a3186da58f728823a832744
r18,Linf,cifar100,PGD-AT,recorded_baseline,1,59.58,25.4,archived_per_seed_table,c190d4d035628ca76fdd20c494e40f87b8fe5a549a3186da58f728823a832744
r18,Linf,cifar100,PGD-AT,recorded_baseline,2,58.93,24.89,archived_per_seed_table,c190d4d035628ca76fdd20c494e40f87b8fe5a549a3186da58f728823a832744
r18,Linf,cifar100,RAAT,recorded_baseline,0,60.43,23.72,archived_per_seed_table,c190d4d035628ca76fdd20c494e40f87b8fe5a549a3186da58f728823a832744
r18,Linf,cifar100,RAAT,recorded_baseline,1,60.72,23.42,archived_per_seed_table,c190d4d035628ca76fdd20c494e40f87b8fe5a549a3186da58f728823a832744
r18,Linf,cifar100,RAAT,recorded_baseline,2,60.6,22.99,archived_per_seed_table,c190d4d035628ca76fdd20c494e40f87b8fe5a549a3186da58f728823a832744
r18,Linf,cifar100,RAAT++,recorded_baseline,0,54.01,25.69,archived_per_seed_table,c190d4d035628ca76fdd20c494e40f87b8fe5a549a3186da58f728823a832744
r18,Linf,cifar100,RAAT++,recorded_baseline,1,54.2,25.43,archived_per_seed_table,c190d4d035628ca76fdd20c494e40f87b8fe5a549a3186da58f728823a832744
r18,Linf,cifar100,RAAT++,recorded_baseline,2,53.66,25.59,archived_per_seed_table,c190d4d035628ca76fdd20c494e40f87b8fe5a549a3186da58f728823a832744
r18,Linf,cifar100,TRADES,recorded_baseline,0,57.37,25.29,archived_per_seed_table,c190d4d035628ca76fdd20c494e40f87b8fe5a549a3186da58f728823a832744
r18,Linf,cifar100,TRADES,recorded_baseline,1,58.28,24.93,archived_per_seed_table,c190d4d035628ca76fdd20c494e40f87b8fe5a549a3186da58f728823a832744
r18,Linf,cifar100,TRADES,recorded_baseline,2,57.64,25.37,archived_per_seed_table,c190d4d035628ca76fdd20c494e40f87b8fe5a549a3186da58f728823a832744
r18,Linf,tinyimagenet,Cons-AT,recorded_baseline,0,45.88,16.45,archived_per_seed_table,c190d4d035628ca76fdd20c494e40f87b8fe5a549a3186da58f728823a832744
r18,Linf,tinyimagenet,Cons-AT,recorded_baseline,1,47.83,16.85,archived_per_seed_table,c190d4d035628ca76fdd20c494e40f87b8fe5a549a3186da58f728823a832744
r18,Linf,tinyimagenet,Cons-AT,recorded_baseline,2,47.87,17.23,archived_per_seed_table,c190d4d035628ca76fdd20c494e40f87b8fe5a549a3186da58f728823a832744
r18,Linf,tinyimagenet,MART,recorded_baseline,0,40.49,16.82,archived_per_seed_table,c190d4d035628ca76fdd20c494e40f87b8fe5a549a3186da58f728823a832744
r18,Linf,tinyimagenet,MART,recorded_baseline,1,41.0,16.7,archived_per_seed_table,c190d4d035628ca76fdd20c494e40f87b8fe5a549a3186da58f728823a832744
r18,Linf,tinyimagenet,MART,recorded_baseline,2,40.68,16.99,archived_per_seed_table,c190d4d035628ca76fdd20c494e40f87b8fe5a549a3186da58f728823a832744
r18,Linf,tinyimagenet,Ours,g19rt03,0,49.42,16.05,training_and_full_aa_checked,31a4eed3ffef4df8465ba78059eb5e45a55742a7e863b37e9d8fd60fcd1b9ea4
r18,Linf,tinyimagenet,Ours,g19rt03,1,49.41,15.92,training_and_full_aa_checked,ff36b4e643acff2ed40c23af5ccb1f2d81508a55c7f92105bbd0de99682a3c46
r18,Linf,tinyimagenet,Ours,g19rt03,2,49.92,15.84,training_and_full_aa_checked,7b4bc94fa15567b7f1148caf57c7432bfabd5f4c7edd81f8c0f478e87ca02343
r18,Linf,tinyimagenet,PGD-AT,recorded_baseline,0,46.99,16.54,archived_per_seed_table,c190d4d035628ca76fdd20c494e40f87b8fe5a549a3186da58f728823a832744
r18,Linf,tinyimagenet,PGD-AT,recorded_baseline,1,46.72,16.4,archived_per_seed_table,c190d4d035628ca76fdd20c494e40f87b8fe5a549a3186da58f728823a832744
r18,Linf,tinyimagenet,PGD-AT,recorded_baseline,2,46.73,16.57,archived_per_seed_table,c190d4d035628ca76fdd20c494e40f87b8fe5a549a3186da58f728823a832744
r18,Linf,tinyimagenet,RAAT,recorded_baseline,0,49.52,15.26,archived_per_seed_table,c190d4d035628ca76fdd20c494e40f87b8fe5a549a3186da58f728823a832744
r18,Linf,tinyimagenet,RAAT,recorded_baseline,1,49.39,15.59,archived_per_seed_table,c190d4d035628ca76fdd20c494e40f87b8fe5a549a3186da58f728823a832744
r18,Linf,tinyimagenet,RAAT,recorded_baseline,2,48.14,15.07,archived_per_seed_table,c190d4d035628ca76fdd20c494e40f87b8fe5a549a3186da58f728823a832744
r18,Linf,tinyimagenet,RAAT++,recorded_baseline,0,40.89,16.43,archived_per_seed_table,c190d4d035628ca76fdd20c494e40f87b8fe5a549a3186da58f728823a832744
r18,Linf,tinyimagenet,RAAT++,recorded_baseline,1,40.1,16.5,archived_per_seed_table,c190d4d035628ca76fdd20c494e40f87b8fe5a549a3186da58f728823a832744
r18,Linf,tinyimagenet,RAAT++,recorded_baseline,2,41.29,16.32,archived_per_seed_table,c190d4d035628ca76fdd20c494e40f87b8fe5a549a3186da58f728823a832744
r18,Linf,tinyimagenet,TRADES,recorded_baseline,0,47.7,15.48,archived_per_seed_table,c190d4d035628ca76fdd20c494e40f87b8fe5a549a3186da58f728823a832744
r18,Linf,tinyimagenet,TRADES,recorded_baseline,1,47.67,15.39,archived_per_seed_table,c190d4d035628ca76fdd20c494e40f87b8fe5a549a3186da58f728823a832744
r18,Linf,tinyimagenet,TRADES,recorded_baseline,2,47.49,15.32,archived_per_seed_table,c190d4d035628ca76fdd20c494e40f87b8fe5a549a3186da58f728823a832744
wrn,L2,cifar10,Ours,reference,0,91.75,71.61,native_result_record,5c360258c57ced35ea26fa4361932a0f13d14b08aa21c3175a5b90fd7848eaa5
wrn,L2,cifar10,Ours,reference,1,91.68,71.61,native_result_record,07a2d32d8325b0bbbe9ff400f4001e73a5edb15b9fd23b266382643a932e749b
wrn,L2,cifar10,Ours,reference,2,91.57,71.66,native_result_record,f5e1949a68d9428cb14079493973fb8eafaa937379247734d79b98ef1f7af2f1
wrn,L2,cifar100,Ours,n03,0,70.17,42.45,training_and_full_aa_checked,421bbe967c447ca337e9786b1332a460a4eecb5bcd1a78892af4384981d11b97
wrn,L2,cifar100,Ours,n03,1,71.0,42.16,training_and_full_aa_checked,e686db3a4f3cac8a710ed60c34a0cc565c2a03efa51029062a0026f915e754a6
wrn,L2,cifar100,Ours,n03,2,71.09,42.07,training_and_full_aa_checked,c8697ee7108403e7f8cd41dd588ada403d4f88ef193c44cebccd5ae1b3785bb6
wrn,L2,tinyimagenet,Ours,e15w207,0,66.43,46.75,training_and_full_aa_checked,857fda0138088ba21467ffa4356dfc5dcd57fb2b20614ba2661e99583f3f1fc5
wrn,L2,tinyimagenet,Ours,e15w207,1,66.7,46.53,training_and_full_aa_checked,4a4012ff0c34cee945224e56110aa32952515b15f71263b03566846c16b8be18
wrn,L2,tinyimagenet,Ours,e15w207,2,66.8,47.21,training_and_full_aa_checked,866e2a9c1a12e80eae9b98e171fbdd1a13ac869967414e9d542f75dd540e0c2f
wrn,Linf,cifar10,Ours,w2c05,0,88.24,52.43,training_and_full_aa_checked,03cd48d428d5dff40728f85f7368f46e32a270663c15279920bc9041d413ca06
wrn,Linf,cifar10,Ours,w2c05,1,88.04,52.79,training_and_full_aa_checked,8125905816fd81e28b27213325438d78365b9109a80310a9926ddb5878e42bab
wrn,Linf,cifar10,Ours,w2c05,2,87.14,51.6,training_and_full_aa_checked,c1d4770e38e12be33806e7922a6566567b2c82086e1cbb5b6a3e9e09a014371a
wrn,Linf,cifar100,Ours,e15wi08,0,64.1,28.02,training_and_full_aa_checked,5fac58dfaca6a44c754e245e4bdbc9f8b978c492365be5c991a143dc04fc61c0
wrn,Linf,cifar100,Ours,e15wi08,1,65.34,27.59,training_and_full_aa_checked,e0232e1b17f2c31b2eacb21d1319afd16c26f488a324f9a1811855cb125528af
wrn,Linf,cifar100,Ours,e15wi08,2,64.13,26.97,training_and_full_aa_checked,99b80bd7ad43fd23a387072db3067656a55cd1917835347ddd702d3b03c0b92d
wrn,Linf,tinyimagenet,Ours,e15wt03,0,56.05,19.57,training_and_full_aa_checked,c54e3379c64272b48d2f6a3f611aa75e6ed1c6a83f8e8702270fc5d814d7ff98
wrn,Linf,tinyimagenet,Ours,e15wt03,1,55.9,19.35,training_and_full_aa_checked,03424d251fdcd6e8694a15d6a6c52c309a9e5908269f543782f62cdca24f2ff5
wrn,Linf,tinyimagenet,Ours,e15wt03,2,55.35,19.63,training_and_full_aa_checked,05a96e1632fc07ebc919bcfefd7b8e74ae317308624e37ea83d4f7fe5586e7db
