arch,norm,dataset,method,candidate,clean_mean,clean_std,aa_mean,aa_std,mean_mean,mean_std,G_of_mean_accuracies,per_seed_G_mean,per_seed_G_std
r18,Linf,cifar10,PGD-AT,recorded_baseline,84.11,0.16512621435334776,48.276666666666664,0.23669013968102431,66.19333333333333,0.09800793618659803,63.7224484254437,63.722138524852085,0.13062090017040084
r18,Linf,cifar10,TRADES,recorded_baseline,81.3,0.06531972647421669,49.623333333333335,0.06128258770283648,65.46166666666666,0.06328945848682553,63.51674582344407,63.51674433365282,0.0647244419292369
r18,Linf,cifar10,MART,recorded_baseline,78.46666666666667,0.4360682923070162,47.980000000000004,0.03559026084010394,63.223333333333336,0.22554871363459825,61.35821596711126,61.35799900590115,0.18071522302623783
r18,Linf,cifar10,Cons-AT,recorded_baseline,84.24666666666667,0.7100391225528051,48.50333333333334,0.1673983937265298,66.375,0.2817800560721065,63.92373702745762,63.922654034069865,0.1765443493250448
r18,Linf,cifar10,RAAT,recorded_baseline,85.81666666666666,0.11728408057173079,47.74333333333333,0.10208928554075536,66.78,0.0965228815704682,64.00916904805297,64.00914307426031,0.09934568707305678
r18,Linf,cifar10,RAAT++,recorded_baseline,79.48666666666666,0.3904128868547042,48.486666666666665,0.1111555466702202,63.986666666666665,0.1718688130199575,62.080943220211395,62.08062178439583,0.12883657399045942
r18,Linf,cifar10,Ours,reference,85.57000000000001,0.3334666400106609,49.02,0.12569805089976446,67.295,0.1784656829757476,64.76605129232445,64.76587597523542,0.15135772336979914
r18,Linf,cifar100,PGD-AT,recorded_baseline,58.91,0.555397755366968,24.973333333333333,0.31982634176829255,41.94166666666666,0.4353606423287342,38.355952167384224,38.35587242447914,0.42404861012332884
r18,Linf,cifar100,TRADES,recorded_baseline,57.763333333333335,0.3816047984790328,25.196666666666665,0.19136933459209796,41.480000000000004,0.1136515141415512,38.1502746458732,38.14936311189548,0.06527498306928828
r18,Linf,cifar100,MART,recorded_baseline,52.876666666666665,0.25849994627121975,25.94,0.05887840577551933,39.40833333333333,0.14214624706813783,37.03539838226846,37.035299644793156,0.11216158158586365
r18,Linf,cifar100,Cons-AT,recorded_baseline,59.04666666666667,0.2538153309440185,25.293333333333333,0.1699673171197603,42.17,0.081955272354295,38.64565981093119,38.64513697086605,0.08478503996692048
r18,Linf,cifar100,RAAT,recorded_baseline,60.583333333333336,0.1189771219838314,23.376666666666665,0.2995923155816179,41.980000000000004,0.13083067937860238,37.632916295297775,37.6320069442053,0.22521105201705446
r18,Linf,cifar100,RAAT++,recorded_baseline,53.95666666666666,0.22365648262955243,25.57,0.10708252269472733,39.763333333333335,0.09885455084224613,37.143935799355816,37.14369905346696,0.0799205364358818
r18,Linf,cifar100,Ours,e15ri09,59.696666666666665,0.15923427883328273,25.346666666666668,0.0573488351136178,42.52166666666667,0.10819221578078343,38.898734055379116,38.89873298059506,0.09577319231700684
r18,Linf,tinyimagenet,PGD-AT,recorded_baseline,46.81333333333333,0.12498888839501975,16.503333333333334,0.07408703590297684,31.65833333333333,0.08389808632435558,27.795252192495834,27.795189050078356,0.08385903094353432
r18,Linf,tinyimagenet,TRADES,recorded_baseline,47.620000000000005,0.09273618495495724,15.396666666666667,0.06548960901462839,31.508333333333336,0.07706418681131341,27.077467877677684,27.077444003978936,0.08201348294837892
r18,Linf,tinyimagenet,MART,recorded_baseline,40.723333333333336,0.2104492549021939,16.836666666666666,0.11897712198383123,28.78,0.08860022573334676,26.18482745577845,26.184447699480017,0.07978308005045343
r18,Linf,tinyimagenet,Cons-AT,recorded_baseline,47.193333333333335,0.9288104698424134,16.843333333333334,0.31846855766656545,32.01833333333333,0.6094578647362663,28.19384763462491,28.19353776576016,0.5275366502170302
r18,Linf,tinyimagenet,RAAT,recorded_baseline,49.016666666666666,0.6221646798789607,15.306666666666667,0.2148384405909601,32.16166666666667,0.3957341981122631,27.391271926980277,27.390929719658647,0.33961118854865274
r18,Linf,tinyimagenet,RAAT++,recorded_baseline,40.76,0.49443570529105785,16.416666666666668,0.07408703590297609,28.588333333333335,0.2123021955190809,25.867804957771995,25.866925287936112,0.10332544861389437
r18,Linf,tinyimagenet,Ours,g19rt03,49.583333333333336,0.2380942857123822,15.936666666666667,0.08653836657164816,32.76,0.08953584012375679,28.110372739534345,28.110045610638576,0.048329781903690916
r18,L2,cifar10,PGD-AT,recorded_baseline,89.55666666666667,0.05436502143433095,68.51666666666667,0.1746106780494513,79.03666666666666,0.11447949840716487,78.33341737584144,78.33338048032573,0.12356856878118096
r18,L2,cifar10,TRADES,recorded_baseline,86.53666666666666,0.18909139471577133,69.52,0.1143095213298821,78.02833333333334,0.09577171932372076,77.56306509329467,77.56297300586381,0.09065589689621406
r18,L2,cifar10,MART,recorded_baseline,86.7,0.3179098404684345,68.45666666666666,0.09392668535736491,77.57833333333333,0.2038109145479868,77.0402037899693,77.04014757020035,0.19182204014769644
r18,L2,cifar10,Cons-AT,recorded_baseline,89.69,0.6116098974564276,69.24666666666667,0.0899382504215466,79.46833333333333,0.2664686764997996,78.80820727140882,78.80757809406758,0.22383389847276638
r18,L2,cifar10,RAAT,recorded_baseline,90.15333333333334,0.009428090415818758,68.33,0.155777619273976,79.24166666666666,0.07408703590297876,78.48679676650504,78.48674183522336,0.08615542738185408
r18,L2,cifar10,RAAT++,recorded_baseline,87.09666666666666,0.16779617264870839,68.97666666666666,0.023570226039556944,78.03666666666666,0.0744237118725454,77.5089526728651,77.50890501323258,0.06411174896167807
r18,L2,cifar10,Ours,reference,89.97666666666667,0.16213848676020587,69.61333333333333,0.18624953392932142,79.795,0.09721111047612159,79.14275512571501,79.14261545572492,0.10256133409567937
r18,L2,cifar100,PGD-AT,recorded_baseline,65.79666666666667,0.2764456948882052,39.48,0.1275408431313913,52.638333333333335,0.10036046144883148,50.967169825290476,50.966862549722464,0.07156701542979507
r18,L2,cifar100,TRADES,recorded_baseline,62.223333333333336,0.14197026292697926,40.75333333333334,0.21913973218524718,51.48833333333334,0.052651896663104776,50.35680931556769,50.35645248484568,0.08598337908620764
r18,L2,cifar100,MART,recorded_baseline,61.54,0.16872067646458225,41.03666666666667,0.23299976156401694,51.288333333333334,0.037932688922471855,50.253322941539565,50.25288209247895,0.07621066904025382
r18,L2,cifar100,Cons-AT,recorded_baseline,66.12333333333333,0.6352077525415523,40.25333333333333,0.1558489297008125,53.18833333333333,0.3271425105702762,51.59151652915213,51.5908274921373,0.26693072109337057
r18,L2,cifar100,RAAT,recorded_baseline,66.82,0.029439202887756852,38.60666666666667,0.12552113589175184,52.71333333333333,0.07663042621714826,50.79072224990177,50.79067074185397,0.09308916466804203
r18,L2,cifar100,RAAT++,recorded_baseline,60.77,0.6794605703546489,40.74,0.16512621435334562,50.755,0.25719642299223017,49.75710803493306,49.755667974862966,0.17645880122417432
r18,L2,cifar100,Ours,2108,67.82333333333334,0.20853989759489047,40.60333333333333,0.3167894498804449,54.21333333333333,0.24920986247649712,52.47717038018639,52.47695874557466,0.2729483747055723
r18,L2,tinyimagenet,PGD-AT,recorded_baseline,58.53,0.3353605025441519,39.85333333333333,0.28755675768252803,49.19166666666666,0.2704728370013427,48.29715933675603,48.296899153902444,0.2717819918808345
r18,L2,tinyimagenet,TRADES,recorded_baseline,56.31,0.3275159029217752,40.61,0.06377042156569397,48.46,0.18587630295440924,47.81996549559609,47.81981909795482,0.16563445356742568
r18,L2,tinyimagenet,MART,recorded_baseline,56.449999999999996,0.3612016980395669,41.07333333333333,0.1558489297008125,48.76166666666666,0.19288741678905924,48.151735863483324,48.151388203298225,0.17468284195124267
r18,L2,tinyimagenet,Cons-AT,recorded_baseline,59.39666666666667,0.3239684483951441,40.906666666666666,0.24499433100017337,50.151666666666664,0.2417413677649934,49.29218644414593,49.2919557862429,0.2390148539492925
r18,L2,tinyimagenet,RAAT,recorded_baseline,59.02,0.5107510809255976,38.93333333333333,0.13274871834493268,48.97666666666667,0.3109751687121565,47.935846016664115,47.93561028013829,0.2770687111528816
r18,L2,tinyimagenet,RAAT++,recorded_baseline,56.22666666666667,0.06599663291074327,41.21,0.21771541057077415,48.718333333333334,0.1372548319327549,48.136274610041575,48.13615949989787,0.15126775507489534
r18,L2,tinyimagenet,Ours,e15r211,60.67666666666666,0.1673983937265298,40.233333333333334,0.3602159845919604,50.455,0.17907168024751038,49.40874978741676,49.40813138742872,0.21529701015426347
wrn,Linf,cifar10,Ours,w2c05,87.80666666666667,0.4784233364802433,52.27333333333333,0.4982859509246552,70.04,0.47488595122056937,67.74914874413962,67.74891191081093,0.4945047028914064
wrn,Linf,cifar100,Ours,e15wi08,64.52333333333333,0.5776004001229802,27.526666666666667,0.43099368389288006,46.025,0.37436613094670007,42.14394723906256,42.14235852468479,0.3930877471088667
wrn,Linf,tinyimagenet,Ours,e15wt03,55.766666666666666,0.30092450142112803,19.516666666666666,0.120369800568451,37.641666666666666,0.13116994913300686,32.990596303256545,32.99018143302486,0.09624110054923503
wrn,L2,cifar10,Ours,reference,91.66666666666667,0.0740870359029796,71.62666666666667,0.023570226039550245,81.64666666666668,0.026562295750853386,81.02948708820622,81.02947440351652,0.021084509210062902
wrn,L2,cifar100,Ours,n03,70.75333333333333,0.41411216945278123,42.22666666666667,0.1621384867602058,56.49,0.1272792206135767,54.65965076930351,54.65901139399986,0.05836749032426842
wrn,L2,tinyimagenet,Ours,e15w207,66.64333333333333,0.15627610892974353,46.83,0.28331372481167705,56.736666666666665,0.1900146193206045,55.865081222531124,55.864876189569856,0.20682115631046985
